0,8.70482764998174,4.90105375,9.946000036621093,25.848000025634764
1,7.0919718390837865,3.90563875,22.497999981689453,45.085999993896486
2,6.23387322102659,3.408344375,29.902000078125,54.734000063476564
3,5.780122501813274,3.081401875,35.26000002441406,61.34399999023437
4,5.487496673139465,3.0034825,36.963999995117184,62.9800000390625
5,5.202990883454131,2.848280625,38.934000013427735,65.25399997070312
6,4.997829467873228,2.660746875,42.481999978027346,68.48000004882813
7,4.8800068145416295,2.62052,43.76399995361328,69.74000008300781
8,4.806516135915423,2.519818125,46.26399999755859,71.970000078125
9,4.697611703884021,2.336863125,48.58200006225586,74.27199997314453
10,4.621347773231026,2.3183315625,48.956,74.72000003173828
11,4.587284961296744,2.3511196875,48.694000002441406,74.03000010253906
12,4.564534356279407,2.3695946875,49.49399995117187,75.00399994628906
13,4.511059218723057,2.346125625,49.058000085449216,74.50200001708984
14,4.477728961622531,2.2277240625,51.261999904785156,76.1960000390625
15,4.425778477994213,2.21461875,50.75999998413086,76.46600001220703
16,4.412932241147254,2.2270634375,51.2040000390625,76.39800008789062
17,4.367309119840297,2.0716934375,53.914000043945315,78.49200010498046
18,4.351470004931074,2.1471503125,52.33200005859375,77.4299999633789
19,4.320548361745374,2.1197375,53.12399998535156,78.30399995605468
20,4.341594607027759,2.18678375,51.554000053710936,76.88000003173828
21,4.284257565610615,2.037049375,54.87800003173828,79.62400007080078
22,4.2707611474072324,2.1401578125,52.84000005371094,77.83399998046875
23,4.268115564135393,2.049900625,54.161999997558596,79.19200002685547
24,4.194815728667233,2.065705625,53.79200003173828,78.44599995117187
25,4.269288091682226,1.981798125,55.48799999023438,80.05800008300781
26,4.210679753923813,2.0283553125,55.06000003662109,79.65999986328124
27,4.207513111808495,2.1127365625,52.722000021972654,78.21399998046876
28,4.178706578210474,2.0312659375,55.14200001953125,79.53399997558594
29,4.141351711168867,2.083335,54.3259999975586,78.89999997802734
30,4.170768405254332,2.030688125,55.50000004882813,79.82600010253907
31,4.1454402428036214,2.02088,55.06800004394531,79.6340000830078
32,4.13215567354073,1.9610234375,56.160000083007816,80.67200006835938
33,4.1333681403102265,1.95343,56.65799999511719,80.88600008300781
34,4.1187631939310805,1.9433875,56.30800007324219,80.75000010742187
35,4.1246532770172735,1.951023125,56.904000048828124,80.78400002685547
36,4.111966780334817,1.9201296875,56.76999999511719,80.87600005615235
37,4.0992864785664995,1.941354375,56.85200000488281,80.88800005371094
38,4.059610441947238,1.9784159375,55.9660000366211,80.61599995117187
39,4.061756459484486,1.8703725,57.95799996826172,81.81000013183593
40,4.085396132202693,1.82677875,58.7340000390625,82.5400000756836
41,4.0505833719346525,1.9980284375,56.05599999511719,80.56800004638671
42,4.0545305888236065,1.9331721875,57.0779999609375,81.39799999511719
43,4.029496523486307,1.9135475,57.58799993652344,81.64999989501953
44,4.01778747692403,1.9258525,57.34399993408203,81.49800004882813
45,4.052215060496018,1.8323225,58.8879999609375,82.33000004882813
46,4.003514177025286,1.94285125,57.12800008300781,81.13600001953125
47,4.0324794863407165,1.890600625,57.55199998779297,81.64800002441406
48,3.9968737016534974,1.905896875,57.69200007080078,81.60599996582032
49,3.997559337071658,1.77722,59.55000001953125,83.18000012207031
50,3.9999845699804717,2.005716875,56.02599999511719,80.47599999511719
51,4.018895790778216,1.820308125,58.895999965820316,82.53999999511718
52,4.0075463993512495,1.827275625,58.91800001220703,82.51199999267578
53,3.983745512582459,1.7942903125,59.65000010986328,83.28199994140626
54,3.9925737687155127,1.861280625,58.52200006347656,82.38200004882812
55,3.9803941575865682,1.9097328125,56.93999999267578,81.294
56,3.9546458967800797,1.8535778125,58.86800000732422,82.4459999658203
57,3.9806197440865208,1.8303996875,58.73400007080078,82.39000012695313
58,3.9463195389714736,1.81694875,59.115999892578124,82.6439999975586
59,3.959899357467996,1.6965234375,61.04599990234375,84.19200012451172
60,3.9248526722866064,1.75706625,60.35200006347656,83.68600004394531
61,3.935587090062471,1.7841575,59.68200005859375,83.18600009277344
62,3.9372115753210117,1.8059790625,58.5939999609375,82.66200004394531
63,3.9542733605211327,1.7359040625,60.67200013183594,84.05600001464843
64,3.9295751617581325,1.798755,59.750000056152345,83.3380000415039
65,3.9230093995682833,1.7174384375,60.844000034179686,84.13600006835938
66,3.9000529125952976,1.8281828125,59.657999982910155,82.69200004394531
67,3.9037041584745173,1.751185625,60.39400009033203,83.7240000390625
68,3.9059239513950597,1.792880625,59.75399996582031,82.98599991699218
69,3.899226782863404,1.694554375,61.12999992919922,84.22399996582031
70,3.9059996933772645,1.739164375,60.33000005371094,83.59799998291015
71,3.8851439964190106,1.739124375,60.436000053710934,83.67799993652343
72,3.8803682321600625,1.7356065625,60.57399998291016,83.65400010986328
73,3.8653178617588546,1.6672815625,62.17999999267578,84.85999993164063
74,3.847471290196023,1.717713125,61.592000126953124,84.48599998779297
75,3.8433573033381587,1.74050625,60.295999985351564,83.47000001708984
76,3.8526769410132227,1.7296503125,60.79400010498047,84.16200001464844
77,3.8437242173411477,1.7319928125,60.120000029296875,83.46599991210938
78,3.861934461151377,1.7723090625,60.15600009277344,83.5699999633789
79,3.8787457770031217,1.65059125,62.168000078125,84.92599998046875
80,3.8631853002713776,1.812419375,59.72400003662109,82.98400009765625
81,3.844479073809103,1.66091875,61.923999946289065,84.84800003662109
82,3.830048896469769,1.779154375,59.56199998046875,83.19599996337891
83,3.8182652929308296,1.696499375,61.78200002685547,84.53599998779296
84,3.827119244973526,1.7544425,60.542000095214846,83.88200004638672
85,3.824505624532983,1.669496875,62.04600005371094,84.90600000976562
86,3.837306432576582,1.6684440625,62.18400002685547,84.84999997802734
87,3.8036733087546475,1.6350884375,63.341999946289064,85.66800014160157
88,3.8122196191839883,1.7383565625,60.75000013183594,83.6379998828125
89,3.8099522721044514,1.6982325,62.212000031738285,84.7100001171875
90,3.774273874926936,1.717915,61.12800009277344,84.1820000732422
91,3.7856080421511256,1.6574615625,62.79400002685547,85.2500000390625
92,3.779832324856952,1.6265659375,63.11200003662109,85.7980000390625
93,3.7992471877516523,1.7390065625,60.91200003417969,83.77799988769532
94,3.784468265549323,1.7198575,61.14600005859375,83.96000006347656
95,3.79184648511526,1.6446034375,62.08200004882813,84.86200008300781
96,3.7909229238308284,1.66370125,61.78800005615234,84.62200008789063
97,3.7743459093726632,1.6211203125,63.08799999023437,85.36600005859376
98,3.771781049075223,1.708498125,61.762000004882815,84.33400001220703
99,3.7627662342311936,1.7428246875,61.466000004882815,84.17200006103516
100,3.7398972148418994,1.61044625,63.06400013183594,85.7060001123047
101,3.776396494841604,1.6327740625,62.738000078125,85.49599998291016
102,3.7391186276457398,1.6472909375,62.90200000976562,85.42200005859375
103,3.7180939253672123,1.6278475,62.70200002441406,85.34799996337891
104,3.7487770572712247,1.6310878125,62.86199997558594,85.22200008789062
105,3.7263759977043596,1.619433125,62.73,85.23200001464843
106,3.7261874933730406,1.5998334375,63.20400004882813,85.89200001220703
107,3.738899445845596,1.701774375,61.53000003173828,84.63400000732422
108,3.7004626588220404,1.5666465625,63.72999994384766,86.04000006103516
109,3.7169525592137176,1.6278940625,63.06600001953125,85.57600016601563
110,3.6926320452468997,1.604320625,63.337999873046876,85.5500000390625
111,3.6771564625389654,1.6937290625,61.371999921875,84.2340000366211
112,3.7282790304222515,1.578805,63.781999990234375,85.90799998046874
113,3.705189374340842,1.6727815625,62.62999993896484,85.08600006347656
114,3.6913703823203,1.597625625,63.36800006591797,85.80600005859375
115,3.7011648347063097,1.66412625,62.52600002685547,84.91000000976562
116,3.6969360381045893,1.5659046875,63.913999951171874,86.08800006591797
117,3.7011373318049627,1.6363009375,63.19199990234375,85.71800006591796
118,3.68836999818346,1.5250325,65.2180000732422,86.70400005615234
119,3.6468929269225927,1.58821484375,63.884000014648436,85.9600000024414
120,3.6753903648657693,1.5548984375,64.17000002441407,86.42599998046875
121,3.6820144077827193,1.58271625,63.70000001708984,85.91199993164062
122,3.655570315407516,1.563516875,64.31600004394531,86.25200010742188
123,3.6711317750134733,1.659890625,62.816,84.84600006103516
124,3.646106868521637,1.6457765625,62.817999936523435,85.464000078125
125,3.6572167785499383,1.554133125,64.31200012207032,86.16800000732422
126,3.6440444976339443,1.50126796875,64.99600008789062,86.72800005126953
127,3.657541096139606,1.5484790625,64.65600006835938,86.60200003662109
128,3.6318855696711045,1.5367215625,65.22599993164063,86.81200000488282
129,3.6076515662117323,1.5737609375,64.56599998779296,86.40600008789062
130,3.6092384918974925,1.50933859375,65.22999993164062,86.86200005371094
131,3.6466099779330876,1.5463625,64.91599998535156,86.47399998046875
132,3.6292657455281043,1.5270278125,65.2780000415039,86.80400011230469
133,3.6318290542620684,1.6015559375,63.83200004638672,85.66000001220704
134,3.6118641534685096,1.550505,65.2000000390625,86.68000005859375
135,3.613444373100181,1.55969,64.93199999023437,86.52000003173828
136,3.569806422688306,1.48736875,65.37200009765625,87.17399995605469
137,3.5973322706188515,1.5580496875,64.19799994140625,86.18400010498047
138,3.60285537988479,1.5749796875,64.25800004882812,86.32800008300781
139,3.580944699141132,1.5245165625,65.29200014160156,86.8860000805664
140,3.5815356273855237,1.505870625,65.30200006835938,86.87200008300782
141,3.5586107775090565,1.5276696875,65.06399996582032,86.69800018554687
142,3.5901047868762657,1.5127728125,65.68599999511719,87.03800006103516
143,3.5650671140759225,1.5412528125,64.778,86.64200008789062
144,3.5525395306055385,1.47842546875,65.9439999633789,87.35000000488282
145,3.5965264634485052,1.4997446875,65.61000001220702,87.06800006347656
146,3.551346617844952,1.54889,64.70600002197266,86.6279999560547
147,3.524630351809344,1.4854225,65.56399997070312,87.07399998535156
148,3.553808063162351,1.52086171875,65.37399999023438,86.89000015869141
149,3.5315316690134235,1.4650078125,66.27199996826172,87.42600005859374
150,3.538484697534695,1.49297921875,65.63599993652343,87.40000008300781
151,3.549364477785816,1.5249259375,65.13800004394531,86.84000003417968
152,3.557417219515788,1.484495,65.58400004150391,87.10999992675781
153,3.5269363175958004,1.45456375,66.51200008056641,87.78800002441406
154,3.540591767228316,1.5104403125,65.95800001464843,87.342000078125
155,3.524705724115179,1.481418125,66.29800000732422,87.46
156,3.5277215204114154,1.4759753125,66.15000001708984,87.26400005371094
157,3.4902358831888716,1.470308125,66.07200008544922,87.41400002929687
158,3.480576944407895,1.49016890625,66.23800013916015,87.25800013671875
159,3.4826534035373102,1.463200625,66.15600009033203,87.33200002929688
160,3.449022900335287,1.508888125,65.48000007324218,87.21000002929688
161,3.478755026169821,1.4231828125,66.92200014160156,87.99400008056641
162,3.450088011949156,1.42789125,66.93799997070313,87.89200003417969
163,3.465958673803758,1.43888484375,66.60800001464844,87.65399995117187
164,3.466504929323684,1.47354,66.23599992675781,87.58800000488282
165,3.4550371703012943,1.466964375,66.1939999584961,87.65000003173829
166,3.4760490387997076,1.44943109375,66.43200006103515,87.390000078125
167,3.4588754137404325,1.4486909375,66.3180001171875,87.60800015869141
168,3.4564127542175944,1.4126840625,67.27600014404297,88.28799992431641
169,3.447637197378841,1.415938125,67.27199993652344,88.146000078125
170,3.425829061288187,1.4149778125,67.40600000976562,88.08400008056641
171,3.421074233922607,1.38251625,67.95000005371094,88.50599997558594
172,3.4143239178924016,1.41410765625,67.60400001220704,88.20200005615234
173,3.4059873772574663,1.4427959375,67.18199998535157,88.17999997558594
174,3.388589510877974,1.413855,67.62600003417968,88.27600002441406
175,3.4210255891616224,1.41850390625,67.57799993164062,88.368000078125
176,3.4153723512620053,1.41234125,67.32000006835938,88.066000078125
177,3.3990970105818703,1.391661875,67.70000006347657,88.36200008300781
178,3.400279968728917,1.41487640625,67.5900000390625,88.35000002929688
179,3.374281729302423,1.4073496875,67.61000001220702,88.54800005859374
180,3.3661608236723364,1.37379734375,68.04400000732421,88.5819999975586
181,3.3809941260057736,1.40890359375,67.60999998535156,88.1360000756836
182,3.3525366681084194,1.415495,67.49400003417969,88.18599994873047
183,3.360099232296031,1.3621628125,68.62800005615235,88.80400004882813
184,3.3533007406876574,1.3590659375,68.43799998291016,88.902000078125
185,3.333245467912853,1.3646409375,68.79800000976563,89.161999921875
186,3.3482564156177355,1.392504375,68.2440000048828,88.57000002685547
187,3.331580408121261,1.37411078125,68.30399995117187,88.72200005371094
188,3.3236210343386983,1.37203421875,68.72399995605468,89.02199989746094
189,3.3247973689284533,1.352664375,68.43400003417969,89.00600012451171
190,3.3068647707826884,1.34733578125,68.88000000488282,89.24200002441407
191,3.303512480539601,1.35435046875,69.23999997802734,89.116
192,3.2833483567844532,1.34061625,69.02200006103516,89.20400005371094
193,3.2685408495836112,1.3309984375,69.3400000024414,89.23000012695313
194,3.2778863818977166,1.336728125,69.19599997558593,89.17800002197265
195,3.2531828301981993,1.3304378125,69.61000005859376,89.5080000756836
196,3.2661790306304495,1.3164,69.67600005615235,89.59600018066406
197,3.2577094141566656,1.337448125,69.2840000366211,89.41199981933593
198,3.2587167607192904,1.277918125,70.19400013183594,89.91000002197265
199,3.2432894380707804,1.2782915625,70.08400002929687,89.82199986816406
200,3.24529908074777,1.3194984375,69.47800005371094,89.39600004882813
201,3.2088129245426935,1.32246625,69.88200003173829,89.74400010253906
202,3.227417856844654,1.314578125,70.15200005859376,89.638000078125
203,3.208880935355968,1.2966109375,70.05400008056641,89.71399997070313
204,3.2319279150787064,1.3030334375,70.074,89.68400002441406
205,3.208993065229636,1.2973559375,70.14799998046875,90.03000005126952
206,3.1753926030520736,1.296831875,70.54199999755859,90.06400004638672
207,3.196771978339741,1.27384671875,70.520000078125,90.06600010253906
208,3.2004613740265584,1.2437515625,71.17600010742187,90.4819999169922
209,3.168432341177597,1.2516753125,70.63,90.24000002197266
210,3.1529063430042243,1.2337684375,71.51999999511719,90.48000009765624
211,3.172045134193974,1.243271875,71.08799995117188,90.39199997070313
212,3.1593222878917646,1.258916875,71.11800005126953,90.30999996826172
213,3.1222671317147017,1.2374659375,71.13199997558594,90.504
214,3.1244857608917633,1.2201528125,71.64199994628906,90.69199996826171
215,3.1496414659139518,1.23374203125,71.51400010253906,90.724
216,3.100787544363886,1.2175903125,71.64600004882813,90.69799999511719
217,3.086786466886541,1.2399846875,71.65799999755859,90.70999989257813
218,3.093012796145699,1.222428125,71.88199994873047,90.86000004638672
219,3.0749006087091106,1.194120625,72.28399994384766,91.00199999511719
220,3.0469828440091273,1.2138690625,72.00400007324218,90.77599999511719
221,3.0788074089712536,1.193995625,72.52400001953124,91.05200001953125
222,3.0465999295963826,1.17875375,72.71799999511718,91.32599999267578
223,3.018693151145146,1.18421671875,72.63800004638672,91.34999996582032
224,3.0460684410031713,1.14896125,73.04400007324219,91.44200007324218
225,3.0174883778398582,1.17208328125,73.02800004638672,91.32199986328125
226,3.0003782373262786,1.16567765625,73.1379999975586,91.39999991699219
227,3.0043305372653193,1.1644190625,73.20000002197266,91.55800006835938
228,2.958525314909383,1.14001625,73.57999999511719,91.66800001953125
229,2.941481521665412,1.1588915625,73.40800004882813,91.69199999267578
230,2.9066374897248113,1.14475609375,73.85800006835937,91.82400009521484
231,2.9599425758674793,1.13907578125,73.89600009277343,91.7560000439453
232,2.9213221333965254,1.12172625,74.10799999267579,91.97600004150391
233,2.8947309101095664,1.11472171875,74.24199999267579,92.01600009521485
234,2.8932110534695186,1.1144228125,74.35400006835937,92.08199999267578
235,2.893420572371602,1.1102353125,74.56800004150391,92.11599998779297
236,2.8816301712099635,1.0904596875,74.76399999267578,92.23200004394532
237,2.8469942962655557,1.0977765625,74.97400001708985,92.28599993896485
238,2.837631777549045,1.0865146875,75.10799991210938,92.50600011962891
239,2.807626021177675,1.08143203125,75.24000009521484,92.47399993652344
240,2.7881760829694207,1.06513453125,75.38400006591797,92.49200001464844
241,2.768597137346846,1.0617371875,75.55400004150391,92.55199998779297
242,2.7638122071550804,1.05685265625,75.73999998291016,92.61600001220702
243,2.760591896195474,1.050815625,75.97400001220703,92.8199999609375
244,2.7242464619499325,1.038581875,75.9500000390625,92.7780000390625
245,2.7353238231645327,1.04194171875,76.07000006591797,92.79800001220703
246,2.7249483183362964,1.04053828125,76.13000006591797,92.8519999609375
247,2.727046708573059,1.03946203125,76.12599998779297,92.89399998535156
248,2.7047945639466278,1.0362690625,76.16399998535157,92.88999998535157
249,2.6924580589344327,1.03600921875,76.1260001171875,92.9040000366211
